Elements,HRAM_ms,SRAM_ms,Registers_ms
256000,43.1268,11.5169,0.617472
1024000,144.523,36.5783,1.8729
2560000,334.347,90.0413,4.62541
5120000,676.961,176.437,9.3737
10240000,1361.3,351.939,18.1955
20480000,2723.56,706.856,38.6253
